date,description,amount,balance
2025-07-01,OPENING BALANCE,0.00,50000.00
2025-07-01,SALARY CREDIT ACME CORP,65000.00,115000.00
2025-07-02,SWIGGY ORDER 48213,-540.50,114459.50
2025-07-02,UBER TRIP 2201,-230.00,114229.50
2025-07-03,RENT PAYMENT LANDLORD KUMAR,-18000.00,96229.50
2025-07-03,ZOMATO ORDER 90233,-410.00,95819.50
2025-07-04,AMAZON.IN PURCHASE,-2499.00,93320.50
2025-07-04,STARBUCKS COFFEE,-350.00,92970.50
2025-07-05,ELECTRICITY BOARD BBPS,-1850.00,91120.50
2025-07-05,NETFLIX SUBSCRIPTION,-649.00,90471.50
2025-07-06,BIG BAZAAR GROCERY,-2200.75,88270.75
2025-07-06,UBER TRIP 2244,-180.00,88090.75
2025-07-07,SWIGGY ORDER 48877,-610.00,87480.75
2025-07-07,ATM WITHDRAWAL,-5000.00,82480.75
2025-07-08,SPOTIFY SUBSCRIPTION,-119.00,82361.75
2025-07-08,DMART GROCERY,-1890.40,80471.35
2025-07-09,PETROL PUMP IOCL,-2000.00,78471.35
2025-07-09,ZOMATO ORDER 91002,-385.00,78086.35
2025-07-10,MOBILE RECHARGE JIO,-499.00,77587.35
2025-07-10,AMAZON.IN PURCHASE,-1299.00,76288.35
2025-07-11,RESTAURANT THE OLIVE,-2450.00,73838.35
2025-07-11,UBER TRIP 2301,-210.00,73628.35
2025-07-12,MEDICAL PHARMACY APOLLO,-860.00,72768.35
2025-07-12,SWIGGY ORDER 49210,-520.00,72248.35
2025-07-13,MOVIE TICKETS PVR,-900.00,71348.35
2025-07-13,FLIPKART PURCHASE,-3499.00,67849.35
2025-07-14,GYM MEMBERSHIP CULTFIT,-1999.00,65850.35
2025-07-14,ZOMATO ORDER 91556,-455.00,65395.35
2025-07-15,CREDIT CARD BILL PAYMENT,-12000.00,53395.35
2025-07-15,UBER TRIP 2355,-195.00,53200.35
2025-07-16,DMART GROCERY,-2340.60,50859.75
2025-07-16,SWIGGY ORDER 49987,-600.00,50259.75
2025-07-17,WATER BILL BBPS,-450.00,49809.75
2025-07-17,AMAZON.IN PURCHASE,-899.00,48910.75
2025-07-18,BOOKMYSHOW TICKETS,-700.00,48210.75
2025-07-18,ZOMATO ORDER 92310,-390.00,47820.75
2025-07-19,FREELANCE PAYMENT CLIENT,15000.00,62820.75
2025-07-19,UBER TRIP 2402,-240.00,62580.75
2025-07-20,RESTAURANT BARBEQUE NATION,-3200.00,59380.75
2025-07-20,SWIGGY ORDER 50112,-470.00,58910.75
2025-07-21,PETROL PUMP HP,-1800.00,57110.75
2025-07-21,NETFLIX SUBSCRIPTION,0.00,57110.75
2025-07-22,DMART GROCERY,-1750.20,55360.55
2025-07-22,ZOMATO ORDER 92877,-410.00,54950.55
2025-07-23,MOBILE RECHARGE AIRTEL,-599.00,54351.55
2025-07-23,UBER TRIP 2456,-220.00,54131.55
2025-07-24,AMAZON.IN PURCHASE,-4599.00,49532.55
2025-07-24,SWIGGY ORDER 50678,-540.00,48992.55
2025-07-25,INSURANCE PREMIUM LIC,-5500.00,43492.55
2025-07-25,ZOMATO ORDER 93401,-365.00,43127.55
2025-07-26,GAS CYLINDER BOOKING,-950.00,42177.55
2025-07-26,UBER TRIP 2509,-205.00,41972.55
2025-07-27,DMART GROCERY,-2100.00,39872.55
2025-07-27,SWIGGY ORDER 51022,-595.00,39277.55
2025-07-28,RESTAURANT PIZZA HUT,-1200.00,38077.55
2025-07-28,SPOTIFY SUBSCRIPTION,0.00,38077.55
2025-07-29,ATM WITHDRAWAL,-3000.00,35077.55
2025-07-29,ZOMATO ORDER 93980,-425.00,34652.55
2025-07-30,ELECTRICITY BOARD BBPS,-1920.00,32732.55
2025-07-30,UBER TRIP 2560,-230.00,32502.55
2025-07-31,INTEREST CREDIT SAVINGS,120.55,32623.10
2025-07-31,FLIPKART PURCHASE,-1899.00,30724.10
